Trial,Discounted health benefit ($),Discounted income benefit ($),Total discounted benefit ($),Discounted costs ($),Benefit-cost ratio,,
Non-trial,"$65,063,351","$423,463,253","$488,526,604","$3,977,718",122.8,,
1,"$1,994,123","$27,717,671","$29,711,794","$1,074,863",27.6,,
2,"$12,118,522","$106,100,754","$118,219,276","$2,886,192",41.0,,
3,"$3,634,909","$21,042,653","$24,677,562","$2,286,146",10.8,,
4,"$19,074,592","$172,967,258","$192,041,851","$2,348,051",81.8,,"NOTE: To run model, click on cell B3, then click 'Run' or 'ctrl+alt+shift+9'"
5,"$31,560,766","$239,682,417","$271,243,183","$5,352,373",50.7,,
6,"$28,932,053","$311,233,256","$340,165,309","$2,139,742",159.0,,
7,"$23,122,953","$232,052,182","$255,175,135","$4,979,170",51.2,,
8,"$31,606,149","$123,002,787","$154,608,936","$2,056,813",75.2,,
9,"$12,222,986","$87,203,428","$99,426,414","$2,872,335",34.6,,"NOTE: To reset model, click 'Reset' or 'ctrl+alt+shift+0'"
10,"$28,882,429","$318,142,090","$347,024,520","$3,555,190",97.6,,
11,"$28,327,482","$149,649,469","$177,976,951","$2,541,467",70.0,,
12,"$15,959,267","$96,216,571","$112,175,837","$3,250,701",34.5,,
13,"$4,172,261","$53,188,786","$57,361,047","$3,745,731",15.3,,
14,"$23,373,624","$142,554,122","$165,927,747","$1,794,345",92.5,,
15,"$15,156,975","$167,450,838","$182,607,814","$4,922,959",37.1,,
16,"$45,310,158","$534,492,483","$579,802,641","$2,464,950",235.2,,
17,"$17,451,778","$147,456,570","$164,908,347","$1,698,621",97.1,,
18,"$12,252,503","$89,163,966","$101,416,469","$4,959,670",20.4,,
19,"$638,182","$6,288,047","$6,926,228","$2,252,223",3.1,,
20,"$72,807,901","$562,340,907","$635,148,808","$1,318,650",481.7,,
21,"$4,826,639","$64,066,159","$68,892,798","$3,794,449",18.2,,
22,"$24,473,696","$269,144,085","$293,617,780","$1,858,511",158.0,,
23,"$29,691,907","$619,490,592","$649,182,499","$3,571,884",181.7,,
24,"$31,282,020","$284,363,029","$315,645,049","$1,714,083",184.1,,
25,"$13,878,168","$133,446,065","$147,324,233","$4,234,554",34.8,,
26,"$8,166,783","$59,530,392","$67,697,175","$2,224,579",30.4,,
27,"$10,120,656","$63,466,565","$73,587,221","$1,771,763",41.5,,
28,"$41,132,838","$411,143,917","$452,276,755","$1,524,519",296.7,,
29,"$29,684,854","$241,827,947","$271,512,802","$2,376,332",114.3,,
30,"$6,913,650","$54,118,620","$61,032,270","$2,227,844",27.4,,
31,"$21,422,833","$144,444,779","$165,867,612","$1,560,706",106.3,,
32,"$6,073,814","$72,232,617","$78,306,431","$2,699,123",29.0,,
33,"$9,612,587","$69,332,635","$78,945,222","$1,553,889",50.8,,
34,"$23,922,643","$175,178,039","$199,100,683","$1,880,964",105.9,,
35,"$10,187,944","$66,360,063","$76,548,008","$3,193,642",24.0,,
36,"$40,776,218","$286,564,309","$327,340,526","$2,022,734",161.8,,
37,"$20,547,347","$124,831,029","$145,378,376","$1,930,468",75.3,,
38,"$58,545,881","$299,567,346","$358,113,227","$2,642,870",135.5,,
39,"$11,923,080","$143,452,574","$155,375,653","$2,374,142",65.4,,
40,"$1,121,441","$7,027,839","$8,149,280","$1,193,911",6.8,,
41,"$14,474,735","$148,839,949","$163,314,683","$2,756,965",59.2,,
42,"$3,810,552","$42,595,590","$46,406,142","$2,306,985",20.1,,
43,"$9,301,072","$95,900,089","$105,201,161","$2,776,977",37.9,,
44,"$47,380,703","$262,373,751","$309,754,453","$2,697,679",114.8,,
45,"$15,658,964","$190,346,242","$206,005,206","$4,228,671",48.7,,
46,"$15,746,558","$109,508,406","$125,254,964","$1,416,096",88.5,,
47,"$12,056,391","$72,096,761","$84,153,152","$1,712,215",49.1,,
48,"$8,532,218","$72,245,104","$80,777,322","$1,814,878",44.5,,
49,"$10,988,482","$85,103,846","$96,092,328","$1,363,539",70.5,,
50,"$36,843,399","$250,619,375","$287,462,774","$3,042,466",94.5,,
51,"$15,178,106","$145,486,406","$160,664,511","$2,583,175",62.2,,
52,"$18,064,398","$134,642,552","$152,706,950","$4,161,387",36.7,,
53,"$20,829,108","$117,041,314","$137,870,422","$4,749,669",29.0,,
54,"$15,791,365","$141,551,646","$157,343,011","$1,455,528",108.1,,
55,"$13,903,878","$95,009,145","$108,913,022","$1,891,131",57.6,,
56,"$13,624,606","$151,312,422","$164,937,028","$2,502,935",65.9,,
57,"$5,606,040","$38,219,792","$43,825,831","$3,384,441",12.9,,
58,"$30,608,960","$220,203,707","$250,812,667","$2,419,282",103.7,,
59,"$19,423,169","$97,144,977","$116,568,146","$1,949,815",59.8,,
60,"$11,337,565","$105,872,146","$117,209,711","$1,768,394",66.3,,
61,"$29,168,101","$199,501,634","$228,669,735","$1,097,218",208.4,,
62,"$37,644,209","$322,992,904","$360,637,113","$2,543,617",141.8,,
63,"$17,695,981","$181,959,783","$199,655,764","$2,114,341",94.4,,
64,"$13,733,923","$127,346,278","$141,080,200","$1,287,024",109.6,,
65,"$9,859,578","$53,624,486","$63,484,064","$2,415,988",26.3,,
66,"$45,264,089","$320,536,268","$365,800,357","$3,216,466",113.7,,
67,"$2,261,072","$13,427,117","$15,688,188","$2,578,176",6.1,,
68,"$2,642,787","$17,878,394","$20,521,182","$2,855,517",7.2,,
69,"$28,534,878","$333,629,604","$362,164,481","$1,804,435",200.7,,
70,"$6,855,749","$94,219,304","$101,075,052","$2,567,941",39.4,,
71,"$49,813,561","$413,730,884","$463,544,445","$4,376,949",105.9,,
72,"$83,926,610","$428,734,140","$512,660,750","$4,190,084",122.4,,
73,"$6,330,452","$137,853,799","$144,184,251","$1,760,261",81.9,,
74,"$5,781,017","$55,668,312","$61,449,329","$674,840",91.1,,
75,"$14,164,423","$77,606,281","$91,770,704","$1,102,908",83.2,,
76,"$7,045,239","$98,708,226","$105,753,465","$2,373,502",44.6,,
77,"$16,931,808","$81,031,747","$97,963,555","$2,101,139",46.6,,
78,"$9,522,973","$45,172,981","$54,695,954","$1,097,958",49.8,,
79,"$20,235,140","$186,731,344","$206,966,484","$2,419,545",85.5,,
80,"$25,373,688","$157,479,944","$182,853,632","$3,205,813",57.0,,
81,"$8,127,631","$137,114,421","$145,242,052","$2,324,016",62.5,,
82,"$4,389,193","$39,711,959","$44,101,153","$2,184,839",20.2,,
83,"$5,313,156","$25,998,779","$31,311,935","$2,622,498",11.9,,
84,"$5,778,356","$77,827,108","$83,605,464","$1,498,143",55.8,,
85,"$6,686,277","$46,515,226","$53,201,503","$4,119,650",12.9,,
86,"$26,342,983","$97,448,470","$123,791,453","$1,646,641",75.2,,
87,"$17,429,515","$17,619,163","$35,048,678","$2,567,410",13.7,,
88,"$28,689,605","$314,972,977","$343,662,582","$2,570,779",133.7,,
89,"$17,497,340","$135,491,593","$152,988,932","$1,420,797",107.7,,
90,"$24,217,655","$257,651,539","$281,869,193","$3,533,744",79.8,,
91,"$23,732,403","$116,658,825","$140,391,228","$2,734,872",51.3,,
92,"$8,008,334","$69,352,355","$77,360,689","$3,303,231",23.4,,
93,"$2,539,925","$6,385,330","$8,925,254","$2,012,213",4.4,,
94,"$11,495,907","$105,960,887","$117,456,794","$2,079,286",56.5,,
95,"$15,825,255","$50,491,941","$66,317,197","$1,082,805",61.2,,
96,"$37,428,666","$235,043,556","$272,472,222","$1,874,511",145.4,,
97,"$18,779,459","$222,247,841","$241,027,299","$2,284,326",105.5,,
98,"$15,416,946","$289,087,233","$304,504,179","$2,085,207",146.0,,
99,"$10,170,675","$100,815,433","$110,986,108","$1,501,039",73.9,,
100,"$40,955,802","$199,467,916","$240,423,718","$3,131,539",76.8,,
101,"$31,912,200","$175,079,196","$206,991,397","$3,051,416",67.8,,
102,"$14,164,516","$103,056,767","$117,221,284","$2,164,663",54.2,,
103,"$5,655,669","$40,687,735","$46,343,404","$1,248,297",37.1,,
104,"$35,365,849","$268,757,768","$304,123,618","$2,499,522",121.7,,
105,"$23,991,574","$131,864,461","$155,856,035","$4,151,129",37.5,,
106,"$21,855,853","$207,807,375","$229,663,229","$4,264,856",53.9,,
107,"$24,459,747","$108,056,146","$132,515,893","$2,822,126",47.0,,
108,"$606,643","$3,098,769","$3,705,412","$2,577,606",1.4,,
109,"$10,276,132","$127,099,131","$137,375,263","$2,550,032",53.9,,
110,"$30,914,903","$314,680,744","$345,595,647","$1,523,461",226.8,,
111,"$3,853,969","$70,903,654","$74,757,624","$1,260,602",59.3,,
112,"$9,717,450","$65,210,444","$74,927,893","$3,944,875",19.0,,
113,"$18,262,530","$169,069,755","$187,332,285","$2,795,955",67.0,,
114,"$21,789,423","$132,342,730","$154,132,154","$1,603,354",96.1,,
115,"$13,497,420","$128,124,059","$141,621,479","$2,158,996",65.6,,
116,"$28,543,848","$242,623,812","$271,167,661","$3,212,331",84.4,,
117,"$24,944,315","$297,713,920","$322,658,235","$4,711,132",68.5,,
118,"$30,025,081","$294,673,959","$324,699,040","$1,531,525",212.0,,
119,"$55,663,839","$352,565,714","$408,229,553","$3,374,314",121.0,,
120,"$37,804,800","$313,930,439","$351,735,238","$3,309,374",106.3,,
121,"$6,602,327","$67,483,201","$74,085,528","$2,311,106",32.1,,
122,"$10,316,744","$85,679,219","$95,995,964","$3,329,861",28.8,,
123,"$4,371,110","$49,627,366","$53,998,476","$2,363,964",22.8,,
124,"$10,709,855","$47,183,273","$57,893,129","$3,656,340",15.8,,
125,"$8,924,135","$78,055,202","$86,979,338","$2,427,568",35.8,,
126,"$629,677","$4,349,063","$4,978,740","$2,343,057",2.1,,
127,"$5,188,115","$58,805,654","$63,993,769","$1,927,745",33.2,,
128,"$13,274,681","$121,657,215","$134,931,896","$1,910,374",70.6,,
129,"$28,580,274","$236,998,126","$265,578,400","$2,150,868",123.5,,
130,"$46,974,709","$675,085,679","$722,060,388","$4,466,221",161.7,,
131,"$5,294,912","$64,200,032","$69,494,944","$3,740,060",18.6,,
132,"$19,923,001","$118,149,294","$138,072,296","$1,642,458",84.1,,
133,"$19,897,379","$101,083,006","$120,980,385","$1,294,486",93.5,,
134,"$9,672,158","$87,297,994","$96,970,151","$2,333,285",41.6,,
135,"$8,362,691","$99,733,300","$108,095,991","$2,175,062",49.7,,
136,"$8,102,572","$50,940,826","$59,043,398","$3,896,858",15.2,,
137,"$3,655,721","$67,510,911","$71,166,632","$1,807,218",39.4,,
138,"$41,198,909","$473,217,920","$514,416,829","$4,419,973",116.4,,
139,"$8,144,045","$50,413,463","$58,557,507","$1,775,247",33.0,,
140,"$44,516,358","$248,952,360","$293,468,718","$1,455,598",201.6,,
141,"$17,358,627","$103,052,764","$120,411,391","$3,626,598",33.2,,
142,"$16,866,098","$76,755,563","$93,621,662","$3,808,538",24.6,,
143,"$13,609,002","$111,318,051","$124,927,053","$2,264,111",55.2,,
144,"$18,267,721","$160,829,592","$179,097,313","$2,904,811",61.7,,
145,"$9,270,046","$89,162,950","$98,432,996","$2,224,260",44.3,,
146,"$21,498,484","$116,969,722","$138,468,206","$2,681,370",51.6,,
147,"$7,954,017","$59,930,790","$67,884,807","$3,850,809",17.6,,
148,"$6,115,788","$44,111,658","$50,227,446","$3,770,541",13.3,,
149,"$2,678,839","$34,411,261","$37,090,101","$1,517,797",24.4,,
150,"$10,755,985","$121,691,808","$132,447,793","$3,646,398",36.3,,
151,"$18,887,171","$137,884,410","$156,771,581","$2,336,176",67.1,,
152,"$3,223,682","$28,061,852","$31,285,534","$2,053,793",15.2,,
153,"$1,700,988","$7,723,118","$9,424,106","$1,360,155",6.9,,
154,"$1,239,920","$9,716,933","$10,956,853","$3,657,523",3.0,,
155,"$17,444,224","$164,661,917","$182,106,141","$1,902,962",95.7,,
156,"$37,379,046","$221,831,248","$259,210,294","$2,733,567",94.8,,
157,"$12,311,788","$148,824,429","$161,136,217","$2,666,070",60.4,,
158,"$15,882,694","$126,182,446","$142,065,140","$2,342,168",60.7,,
159,"$27,120,561","$222,573,249","$249,693,810","$1,597,641",156.3,,
160,"-$5,590,205","-$21,624,590","-$27,214,795","$5,694,559",-4.8,,
161,"$18,247,004","$101,843,484","$120,090,489","$1,637,284",73.3,,
162,"$19,783,921","$72,163,478","$91,947,400","$1,321,107",69.6,,
163,"$32,582,203","$417,396,194","$449,978,397","$3,747,338",120.1,,
164,"$10,248,849","$89,373,260","$99,622,109","$3,335,646",29.9,,
165,"$7,219,887","$73,029,060","$80,248,947","$1,576,827",50.9,,
166,"$19,852,582","$212,120,474","$231,973,056","$1,571,895",147.6,,
167,"$9,882,508","$51,125,378","$61,007,885","$1,976,192",30.9,,
168,"$11,327,824","$82,455,705","$93,783,529","$3,735,906",25.1,,
169,"$17,264,768","$127,611,241","$144,876,009","$4,148,953",34.9,,
170,"$6,561,290","$91,998,766","$98,560,055","$2,648,007",37.2,,
171,"$12,915,247","$245,237,712","$258,152,959","$1,989,946",129.7,,
172,"$9,358,129","$70,304,070","$79,662,199","$1,455,834",54.7,,
173,"$5,479,610","$23,868,753","$29,348,363","$1,615,790",18.2,,
174,"$12,057,079","$93,312,461","$105,369,540","$2,490,751",42.3,,
175,"$91,930,223","$254,316,667","$346,246,890","$3,823,708",90.6,,
176,"$74,950,399","$620,988,247","$695,938,646","$5,830,323",119.4,,
177,"$9,528,164","$104,314,080","$113,842,244","$1,875,434",60.7,,
178,"$3,745,675","$95,677,938","$99,423,612","$3,265,109",30.5,,
179,"$11,315,176","$110,171,439","$121,486,615","$1,209,162",100.5,,
180,"$44,735,330","$298,809,596","$343,544,926","$3,502,811",98.1,,
181,"$21,189,846","$249,491,750","$270,681,596","$2,511,523",107.8,,
182,"$4,184,142","$50,708,867","$54,893,010","$2,415,994",22.7,,
183,"$17,344,702","$125,169,266","$142,513,968","$2,902,005",49.1,,
184,"$19,852,749","$313,133,207","$332,985,955","$2,692,433",123.7,,
185,"$20,054,844","$138,617,437","$158,672,281","$1,570,003",101.1,,
186,"$7,837,226","$93,761,222","$101,598,448","$2,074,392",49.0,,
187,"$34,599,724","$232,145,931","$266,745,655","$4,373,069",61.0,,
188,"$67,596,192","$566,263,923","$633,860,115","$1,241,466",510.6,,
189,"$56,067,174","$436,167,430","$492,234,603","$4,005,276",122.9,,
190,"$7,964,845","$92,559,222","$100,524,067","$2,492,408",40.3,,
191,"$16,340,601","$165,491,127","$181,831,728","$1,922,311",94.6,,
192,"$17,921,861","$101,571,895","$119,493,756","$3,144,617",38.0,,
193,"$36,728,324","$288,740,827","$325,469,151","$2,971,921",109.5,,
194,"$8,001,203","$40,202,692","$48,203,895","$2,186,577",22.0,,
195,"$4,618,775","$46,303,193","$50,921,969","$1,917,493",26.6,,
196,"$33,297,233","$261,639,332","$294,936,565","$2,070,167",142.5,,
197,"$27,122,464","$196,202,939","$223,325,403","$1,875,928",119.0,,
198,"$14,928,338","$156,665,174","$171,593,512","$1,649,843",104.0,,
199,"$4,848,323","$49,100,404","$53,948,727","$1,493,252",36.1,,
200,"$20,655,152","$246,258,475","$266,913,626","$3,194,522",83.6,,
201,"$40,128,785","$269,692,536","$309,821,321","$2,666,700",116.2,,
202,"$43,975,118","$371,944,958","$415,920,077","$1,474,848",282.0,,
203,"$12,862,642","$120,013,217","$132,875,860","$1,883,519",70.5,,
204,"$13,200,468","$78,556,906","$91,757,374","$1,266,055",72.5,,
205,"$21,183,257","$127,091,852","$148,275,109","$2,984,277",49.7,,
206,"$26,543,066","$232,243,490","$258,786,556","$1,328,512",194.8,,
207,"$8,690,592","$105,141,084","$113,831,677","$2,308,460",49.3,,
208,"$19,638,875","$248,063,667","$267,702,542","$3,675,691",72.8,,
209,"$25,056,154","$181,799,957","$206,856,111","$3,862,026",53.6,,
210,"$23,561,099","$137,182,472","$160,743,571","$2,578,120",62.3,,
211,"$47,797,855","$329,840,474","$377,638,330","$1,851,052",204.0,,
212,"$39,746,548","$120,292,290","$160,038,838","$2,824,888",56.7,,
213,"$13,088,839","$54,276,120","$67,364,959","$2,933,474",23.0,,
214,"$5,780,708","$73,907,498","$79,688,206","$1,867,391",42.7,,
215,"$7,263,726","$49,260,207","$56,523,933","$1,231,232",45.9,,
216,"$7,907,570","$64,580,786","$72,488,356","$3,280,708",22.1,,
217,"$22,322,043","$172,893,460","$195,215,503","$7,469,669",26.1,,
218,"$17,686,631","$169,185,029","$186,871,660","$4,513,196",41.4,,
219,"$7,052,639","$44,952,894","$52,005,533","$2,048,953",25.4,,
220,"$9,250,476","$164,745,785","$173,996,261","$2,641,892",65.9,,
221,"$15,092,418","$164,870,420","$179,962,839","$2,391,270",75.3,,
222,"$24,803,260","$253,164,194","$277,967,454","$2,975,977",93.4,,
223,"$18,501,081","$126,527,396","$145,028,477","$1,905,155",76.1,,
224,"$24,773,305","$175,976,344","$200,749,650","$1,873,967",107.1,,
225,"$10,587,194","$61,763,510","$72,350,704","$4,210,288",17.2,,
226,"$12,326,120","$68,632,328","$80,958,448","$1,881,839",43.0,,
227,"$11,430,563","$104,068,658","$115,499,222","$1,487,262",77.7,,
228,"$14,109,332","$100,006,189","$114,115,521","$951,339",120.0,,
229,"$28,213,260","$192,630,018","$220,843,279","$4,581,252",48.2,,
230,"$35,154,924","$343,503,233","$378,658,157","$3,249,940",116.5,,
231,"$21,413,115","$153,344,301","$174,757,416","$3,506,450",49.8,,
232,"$49,038,558","$328,329,901","$377,368,459","$4,138,207",91.2,,
233,"$8,966,284","$78,653,119","$87,619,403","$2,789,989",31.4,,
234,"$13,588,820","$118,825,721","$132,414,541","$4,247,529",31.2,,
235,"$19,290,081","$183,544,098","$202,834,179","$2,016,552",100.6,,
236,"$6,248,868","$41,119,053","$47,367,921","$1,117,776",42.4,,
237,"$39,451,950","$202,402,589","$241,854,539","$1,854,361",130.4,,
238,"$21,089,023","$276,861,285","$297,950,308","$3,947,328",75.5,,
239,"$38,650,231","$211,565,935","$250,216,167","$2,670,560",93.7,,
240,"$4,586,241","$42,196,245","$46,782,487","$1,143,460",40.9,,
241,"$20,087,782","$169,790,434","$189,878,216","$3,307,678",57.4,,
242,"$6,881,279","$73,581,962","$80,463,241","$5,454,454",14.8,,
243,"$1,341,033","$7,603,108","$8,944,140","$1,655,030",5.4,,
244,"$23,815,590","$196,980,643","$220,796,233","$2,385,392",92.6,,
245,"$38,568,218","$307,092,216","$345,660,434","$2,736,342",126.3,,
246,"$22,573,568","$207,207,384","$229,780,952","$5,909,147",38.9,,
247,"$26,853,204","$102,883,410","$129,736,614","$1,814,412",71.5,,
248,"$12,466,709","$99,885,597","$112,352,306","$2,654,048",42.3,,
249,"$16,818,000","$113,056,980","$129,874,980","$1,301,496",99.8,,
250,"$5,134,461","$23,915,340","$29,049,801","$1,233,300",23.6,,
251,"$10,375,020","$93,605,230","$103,980,250","$1,853,323",56.1,,
252,"$4,388,873","$67,239,801","$71,628,675","$2,724,863",26.3,,
253,"$4,957,845","$49,803,720","$54,761,565","$2,310,179",23.7,,
254,"$4,718,038","$37,621,899","$42,339,936","$1,686,354",25.1,,
255,"$2,541,138","$25,246,830","$27,787,967","$3,555,242",7.8,,
256,"$5,613,813","$21,056,486","$26,670,300","$1,325,793",20.1,,
257,"$2,546,482","$49,781,655","$52,328,137","$1,768,792",29.6,,
258,"$10,810,172","$71,268,323","$82,078,495","$1,387,940",59.1,,
259,"$23,261,751","$330,321,531","$353,583,282","$3,214,077",110.0,,
260,"$2,110,777","$29,929,990","$32,040,767","$1,201,102",26.7,,
261,"$6,261,661","$58,567,325","$64,828,986","$1,635,686",39.6,,
262,"$15,610,740","$100,128,342","$115,739,082","$1,779,611",65.0,,
263,"$21,477,027","$101,836,607","$123,313,634","$2,592,187",47.6,,
264,"$8,861,392","$118,275,846","$127,137,238","$2,606,092",48.8,,
265,"$1,935,793","$21,550,118","$23,485,911","$2,035,918",11.5,,
266,"$10,309,482","$126,687,919","$136,997,401","$1,432,141",95.7,,
267,"$54,903,831","$482,436,051","$537,339,883","$2,892,275",185.8,,
268,"$24,788,205","$229,882,906","$254,671,111","$2,309,125",110.3,,
269,"$14,799,834","$146,289,766","$161,089,599","$2,287,163",70.4,,
270,"$65,378,823","$746,696,187","$812,075,011","$3,543,746",229.2,,
271,"$41,612,293","$248,311,056","$289,923,349","$1,156,843",250.6,,
272,"$19,298,846","$134,477,822","$153,776,668","$3,616,301",42.5,,
273,"$7,852,729","$65,630,148","$73,482,877","$1,918,485",38.3,,
274,"$25,611,038","$144,220,409","$169,831,446","$2,168,259",78.3,,
275,"$8,841,852","$33,492,181","$42,334,033","$1,522,478",27.8,,
276,"$32,084,154","$243,376,516","$275,460,670","$3,225,584",85.4,,
277,"$49,271,780","$197,484,972","$246,756,752","$2,913,908",84.7,,
278,"$17,364,646","$239,305,842","$256,670,488","$1,902,393",134.9,,
279,"$5,123,200","$70,468,655","$75,591,855","$2,243,648",33.7,,
280,"$1,749,723","$10,395,240","$12,144,964","$3,179,185",3.8,,
281,"$9,851,135","$77,606,806","$87,457,941","$1,730,247",50.5,,
282,"$10,052,814","$99,337,993","$109,390,806","$3,597,861",30.4,,
283,"$16,207,299","$79,071,023","$95,278,322","$1,105,884",86.2,,
284,"$86,344,865","$467,144,525","$553,489,390","$4,333,824",127.7,,
285,"$7,831,255","$59,248,077","$67,079,332","$3,174,880",21.1,,
286,"$4,038,184","$23,304,143","$27,342,327","$1,697,640",16.1,,
287,"$10,079,447","$96,630,139","$106,709,585","$2,596,894",41.1,,
288,"$9,152,823","$47,967,452","$57,120,274","$1,727,547",33.1,,
289,"$9,643,281","$128,286,118","$137,929,399","$5,787,380",23.8,,
290,"$2,313,198","$12,755,858","$15,069,056","$1,261,222",11.9,,
291,"$37,333,430","$400,152,428","$437,485,858","$3,822,417",114.5,,
292,"$32,928,825","$266,317,510","$299,246,335","$2,725,714",109.8,,
293,"$3,645,310","$65,607,437","$69,252,747","$1,185,618",58.4,,
294,"$5,056,131","$53,784,550","$58,840,681","$3,662,726",16.1,,
295,"$2,589,176","$18,910,266","$21,499,442","$2,363,998",9.1,,
296,"$12,669,502","$56,860,013","$69,529,514","$5,740,698",12.1,,
297,"$12,684,424","$116,034,906","$128,719,330","$1,438,360",89.5,,
298,"$19,368,413","$214,801,284","$234,169,697","$1,442,057",162.4,,
299,"$19,264,047","$202,142,778","$221,406,825","$3,153,152",70.2,,
300,"$4,295,151","$34,915,816","$39,210,967","$2,310,538",17.0,,
301,"$9,498,122","$179,215,614","$188,713,735","$2,564,781",73.6,,
302,"$86,680,504","$415,432,298","$502,112,802","$1,844,849",272.2,,
303,"$3,795,589","$14,691,420","$18,487,009","$1,189,136",15.5,,
304,"$3,730,419","$16,751,025","$20,481,444","$3,061,209",6.7,,
305,"$16,083,216","$100,098,156","$116,181,372","$2,849,654",40.8,,
306,"$5,980,493","$70,006,346","$75,986,838","$2,684,448",28.3,,
307,"$46,226,788","$208,294,007","$254,520,795","$2,254,207",112.9,,
308,"$12,005,226","$109,999,648","$122,004,874","$1,821,959",67.0,,
309,"$21,212,363","$146,443,071","$167,655,434","$1,523,256",110.1,,
310,"$8,468,379","$105,838,164","$114,306,543","$1,785,768",64.0,,
311,"$14,805,985","$92,929,897","$107,735,882","$2,371,906",45.4,,
312,"$23,050,629","$128,192,957","$151,243,585","$3,815,258",39.6,,
313,"$21,997,546","$243,371,181","$265,368,727","$2,303,428",115.2,,
314,"$4,438,991","$62,390,123","$66,829,114","$3,165,969",21.1,,
315,"$17,483,110","$274,028,985","$291,512,095","$2,814,064",103.6,,
316,"$7,148,757","$61,138,362","$68,287,119","$1,509,559",45.2,,
317,"$33,676,547","$235,388,912","$269,065,459","$3,837,964",70.1,,
318,"$15,547,223","$136,904,914","$152,452,137","$2,781,177",54.8,,
319,"$29,363,295","$219,577,280","$248,940,575","$1,919,750",129.7,,
320,"$2,299,222","$28,421,667","$30,720,890","$1,929,625",15.9,,
321,"$41,436,306","$398,235,225","$439,671,531","$4,820,467",91.2,,
322,"$17,374,239","$123,866,352","$141,240,591","$2,531,485",55.8,,
323,"$17,096,992","$181,104,962","$198,201,955","$3,590,232",55.2,,
324,"$25,805,537","$171,730,233","$197,535,770","$3,442,686",57.4,,
325,"$73,054,461","$402,757,516","$475,811,976","$2,634,063",180.6,,
326,"$30,753,405","$156,067,757","$186,821,161","$6,073,100",30.8,,
327,"$1,792,519","$20,146,543","$21,939,062","$1,718,140",12.8,,
328,"$28,466,014","$428,019,385","$456,485,399","$3,864,307",118.1,,
329,"$14,534,436","$89,731,597","$104,266,033","$2,847,778",36.6,,
330,"$23,595,104","$388,637,132","$412,232,236","$1,882,906",218.9,,
331,"$35,710,841","$829,270,433","$864,981,275","$5,582,842",154.9,,
332,"$14,735,313","$96,597,193","$111,332,506","$2,009,122",55.4,,
333,"$29,349,769","$216,497,363","$245,847,132","$2,256,316",109.0,,
334,"$22,380,121","$69,166,976","$91,547,097","$2,039,171",44.9,,
335,"$77,905,267","$507,968,934","$585,874,201","$3,263,760",179.5,,
336,"$26,601,677","$200,630,262","$227,231,939","$1,519,452",149.5,,
337,"$1,214,517","$8,782,112","$9,996,629","$591,531",16.9,,
338,"$24,497,270","$227,166,557","$251,663,827","$2,627,438",95.8,,
339,"$18,768,646","$179,079,092","$197,847,738","$2,411,379",82.0,,
340,"$60,491,598","$383,867,770","$444,359,368","$4,013,054",110.7,,
341,"$15,340,782","$122,155,803","$137,496,585","$2,849,961",48.2,,
342,"$8,948,948","$70,363,928","$79,312,875","$4,470,052",17.7,,
343,"$24,273,374","$252,654,444","$276,927,818","$3,194,066",86.7,,
344,"$17,887,392","$210,128,202","$228,015,594","$2,185,622",104.3,,
345,"$8,780,294","$117,482,051","$126,262,345","$2,562,221",49.3,,
346,"$30,958,184","$206,640,824","$237,599,008","$4,115,521",57.7,,
347,"$12,952,079","$93,352,835","$106,304,914","$2,191,684",48.5,,
348,"$8,467,473","$52,966,813","$61,434,286","$1,762,768",34.9,,
349,"$5,106,844","$29,903,941","$35,010,785","$1,453,568",24.1,,
350,"$9,491,741","$109,737,853","$119,229,593","$3,380,126",35.3,,
351,"$15,711,610","$142,530,958","$158,242,568","$3,814,218",41.5,,
352,"$32,217,308","$352,007,541","$384,224,849","$3,061,165",125.5,,
353,"$24,052,413","$484,749,569","$508,801,982","$2,021,481",251.7,,
354,"$8,166,483","$113,086,365","$121,252,849","$2,272,248",53.4,,
355,"$50,995,900","$501,577,049","$552,572,949","$1,785,501",309.5,,
356,"$23,458,478","$170,671,257","$194,129,735","$3,614,343",53.7,,
357,"$9,292,589","$88,674,236","$97,966,824","$3,054,777",32.1,,
358,"$77,319,632","$637,881,697","$715,201,329","$5,240,489",136.5,,
359,"$2,893,934","$22,607,368","$25,501,302","$2,091,277",12.2,,
360,"$18,006,971","$628,039,751","$646,046,722","$4,249,922",152.0,,
361,"$23,421,259","$166,115,958","$189,537,217","$5,373,768",35.3,,
362,"$30,065,856","$192,465,477","$222,531,333","$2,138,501",104.1,,
363,"$19,825,467","$260,368,516","$280,193,983","$2,707,206",103.5,,
364,"$27,201,152","$99,924,373","$127,125,525","$2,881,295",44.1,,
365,"$18,731,122","$100,404,450","$119,135,572","$2,063,715",57.7,,
366,"$3,476,262","$35,806,444","$39,282,707","$1,454,366",27.0,,
367,"$21,543,325","$158,000,706","$179,544,031","$1,643,296",109.3,,
368,"$89,856,541","$1,272,835,986","$1,362,692,527","$3,267,044",417.1,,
369,"$56,624,260","$513,628,629","$570,252,889","$2,885,084",197.7,,
370,"$7,100,631","$95,745,574","$102,846,205","$2,024,770",50.8,,
371,"$24,441,468","$201,121,848","$225,563,316","$1,758,283",128.3,,
372,"$21,321,324","$207,706,842","$229,028,165","$1,804,217",126.9,,
373,"$17,866,854","$148,654,556","$166,521,409","$4,458,937",37.3,,
374,"$12,806,296","$123,956,017","$136,762,313","$1,311,508",104.3,,
375,"$3,026,473","$30,971,855","$33,998,328","$1,353,013",25.1,,
376,"$59,512,568","$467,277,801","$526,790,369","$2,794,389",188.5,,
377,"$19,010,556","$362,555,665","$381,566,222","$2,257,092",169.1,,
378,"$65,284,756","$709,311,643","$774,596,399","$3,428,272",225.9,,
379,"$20,374,219","$232,562,286","$252,936,506","$3,124,796",80.9,,
380,"$2,919,499","$40,170,014","$43,089,513","$3,935,133",10.9,,
381,"$4,561,595","$26,238,017","$30,799,611","$1,515,169",20.3,,
382,"$20,415,267","$35,349,803","$55,765,070","$2,838,993",19.6,,
383,"$17,951,859","$192,447,077","$210,398,936","$2,555,923",82.3,,
384,"$4,778,230","$51,770,938","$56,549,169","$3,052,431",18.5,,
385,"$6,360,676","$51,313,168","$57,673,844","$1,546,403",37.3,,
386,"$929,381","$7,270,379","$8,199,761","$3,379,396",2.4,,
387,"$14,754,006","$107,224,520","$121,978,526","$1,567,838",77.8,,
388,"$16,489,053","$100,297,437","$116,786,490","$1,864,341",62.6,,
389,"$35,269,212","$279,329,160","$314,598,373","$5,277,992",59.6,,
390,"$64,202,084","$406,232,068","$470,434,152","$2,572,189",182.9,,
391,"$2,825,976","$29,065,421","$31,891,398","$1,516,776",21.0,,
392,"$22,921,156","$278,008,294","$300,929,450","$3,543,100",84.9,,
393,"$2,358,057","$24,195,048","$26,553,104","$2,037,747",13.0,,
394,"$13,468,815","$83,087,560","$96,556,375","$1,582,301",61.0,,
395,"$14,088,115","$203,655,989","$217,744,104","$2,623,568",83.0,,
396,"$12,118,529","$164,070,467","$176,188,995","$1,929,082",91.3,,
397,"$14,429,637","$85,404,770","$99,834,407","$2,950,326",33.8,,
398,"$10,860,447","$57,027,739","$67,888,186","$1,157,985",58.6,,
399,"$4,579,189","$47,756,532","$52,335,722","$2,952,220",17.7,,
400,"$7,866,056","$112,252,624","$120,118,680","$2,285,572",52.6,,
401,"$5,689,734","$22,039,995","$27,729,729","$4,039,645",6.9,,
402,"$21,911,229","$126,088,156","$147,999,385","$2,518,527",58.8,,
403,"$26,736,035","$259,064,812","$285,800,847","$1,629,159",175.4,,
404,"$7,613,003","$43,030,947","$50,643,950","$1,629,098",31.1,,
405,"$14,175,169","$262,852,929","$277,028,098","$1,703,489",162.6,,
406,"$36,389,341","$331,887,620","$368,276,960","$4,421,610",83.3,,
407,"$19,038,965","$147,408,259","$166,447,224","$2,035,038",81.8,,
408,"$6,971,452","$177,380,264","$184,351,716","$2,737,323",67.3,,
409,"$14,659,311","$39,144,337","$53,803,648","$1,731,418",31.1,,
410,"$5,483,058","$59,033,681","$64,516,739","$1,759,434",36.7,,
411,"$26,760,479","$195,385,307","$222,145,787","$5,244,353",42.4,,
412,"$5,843,341","$61,878,223","$67,721,564","$1,699,664",39.8,,
413,"$21,231,054","$252,390,267","$273,621,321","$3,119,050",87.7,,
414,"$2,244,677","$21,106,867","$23,351,544","$1,700,722",13.7,,
415,"$7,805,209","$170,840,376","$178,645,585","$2,160,443",82.7,,
416,"$28,385,765","$302,117,949","$330,503,714","$4,096,425",80.7,,
417,"$9,203,052","$157,997,737","$167,200,789","$1,778,713",94.0,,
418,"$18,963,736","$103,466,105","$122,429,841","$3,138,532",39.0,,
419,"$2,481,270","$34,561,841","$37,043,111","$1,519,517",24.4,,
420,"$6,793,378","$48,483,822","$55,277,200","$2,319,939",23.8,,
421,"$31,915,036","$294,086,851","$326,001,887","$1,818,667",179.3,,
422,"$20,735,117","$189,002,069","$209,737,186","$1,631,480",128.6,,
423,"$21,586,191","$145,679,142","$167,265,333","$3,467,786",48.2,,
424,"$8,387,230","$58,432,924","$66,820,154","$2,247,158",29.7,,
425,"$13,582,468","$83,364,569","$96,947,037","$2,405,631",40.3,,
426,"$57,463,123","$565,233,655","$622,696,778","$6,054,483",102.8,,
427,"$4,762,914","$30,420,706","$35,183,620","$2,953,819",11.9,,
428,"$4,731,973","$35,228,595","$39,960,568","$2,114,683",18.9,,
429,"$28,191,556","$263,666,284","$291,857,839","$2,145,375",136.0,,
430,"$22,114,924","$114,058,236","$136,173,159","$2,647,376",51.4,,
431,"$19,660,314","$178,647,801","$198,308,115","$1,756,641",112.9,,
432,"$5,038,927","$41,938,303","$46,977,229","$1,995,830",23.5,,
433,"$45,240,225","$438,056,136","$483,296,360","$1,631,669",296.2,,
434,"$23,734,267","$550,239,610","$573,973,877","$2,124,990",270.1,,
435,"$6,252,576","$125,244,745","$131,497,320","$2,329,276",56.5,,
436,"$36,444,729","$167,209,390","$203,654,119","$3,177,729",64.1,,
437,"$10,524,533","$176,787,234","$187,311,766","$1,942,977",96.4,,
438,"$2,234,242","$14,187,409","$16,421,651","$4,560,182",3.6,,
439,"$14,899,681","$107,948,318","$122,847,999","$2,239,535",54.9,,
440,"$3,411,246","$48,403,651","$51,814,896","$3,037,508",17.1,,
441,"$34,087,950","$264,051,558","$298,139,508","$6,012,528",49.6,,
442,"$106,426,255","$721,060,501","$827,486,755","$2,091,005",395.7,,
443,"$18,358,274","$157,007,267","$175,365,541","$3,343,909",52.4,,
444,"$43,439,260","$769,395,753","$812,835,013","$2,108,598",385.5,,
445,"$63,680,980","$837,717,951","$901,398,931","$4,895,168",184.1,,
446,"$14,294,927","$120,671,501","$134,966,428","$1,457,536",92.6,,
447,"$18,078,824","$99,735,410","$117,814,234","$1,874,865",62.8,,
448,"$58,667,409","$320,770,273","$379,437,682","$2,241,745",169.3,,
449,"$12,477,177","$106,008,009","$118,485,185","$1,136,283",104.3,,
450,"$19,201,609","$105,375,354","$124,576,962","$1,790,978",69.6,,
451,"$10,825,407","$173,175,442","$184,000,849","$3,543,326",51.9,,
452,"$19,063,868","$159,833,702","$178,897,570","$4,314,490",41.5,,
453,"$9,249,451","$67,301,929","$76,551,380","$2,354,442",32.5,,
454,"$10,817,704","$134,533,336","$145,351,040","$2,714,939",53.5,,
455,"$4,602,632","$34,878,142","$39,480,774","$4,662,566",8.5,,
456,"$24,954,747","$379,912,105","$404,866,852","$4,632,484",87.4,,
457,"$14,622,695","$202,600,846","$217,223,541","$2,772,401",78.4,,
458,"$23,650,365","$206,204,895","$229,855,260","$2,584,619",88.9,,
459,"$8,558,794","$60,577,207","$69,136,001","$1,376,573",50.2,,
460,"$15,670,394","$93,910,611","$109,581,004","$2,112,190",51.9,,
461,"$30,238,876","$297,322,545","$327,561,420","$3,291,224",99.5,,
462,"$52,027,858","$429,054,605","$481,082,463","$3,211,276",149.8,,
463,"$11,572,611","$144,612,361","$156,184,972","$2,160,018",72.3,,
464,"$40,791,631","$71,873,399","$112,665,031","$2,295,878",49.1,,
465,"$24,391,794","$213,132,102","$237,523,896","$1,797,550",132.1,,
466,"$88,094,229","$577,822,183","$665,916,412","$2,657,663",250.6,,
467,"$6,641,514","$179,381,776","$186,023,290","$2,752,137",67.6,,
468,"$13,726,598","$132,572,757","$146,299,355","$3,885,396",37.7,,
469,"$25,040,109","$291,785,043","$316,825,152","$5,237,928",60.5,,
470,"$21,665,477","$249,188,414","$270,853,891","$3,183,845",85.1,,
471,"$36,614,210","$272,666,141","$309,280,351","$2,458,416",125.8,,
472,"$12,193,270","$95,016,599","$107,209,870","$1,385,833",77.4,,
473,"$24,106,859","$269,322,967","$293,429,826","$2,393,268",122.6,,
474,"$29,067,133","$150,261,493","$179,328,626","$2,679,233",66.9,,
475,"$3,304,486","$32,854,781","$36,159,266","$1,106,596",32.7,,
476,"$9,700,722","$30,076,755","$39,777,477","$2,498,548",15.9,,
477,"$13,235,153","$83,066,422","$96,301,575","$2,025,825",47.5,,
478,"$6,399,401","$101,678,826","$108,078,227","$1,950,144",55.4,,
479,"$36,285,546","$415,009,825","$451,295,371","$1,287,135",350.6,,
480,"$31,483,887","$153,962,268","$185,446,156","$2,542,070",73.0,,
481,"$5,086,790","$62,739,320","$67,826,111","$2,590,066",26.2,,
482,"$5,221,192","$34,848,494","$40,069,686","$2,210,555",18.1,,
483,"$17,331,485","$167,395,613","$184,727,098","$2,809,119",65.8,,
484,"$15,829,549","$116,768,377","$132,597,926","$1,876,157",70.7,,
485,"$23,270,336","$115,727,107","$138,997,443","$1,990,243",69.8,,
486,"$18,277,565","$175,997,466","$194,275,031","$3,071,571",63.2,,
487,"$47,354,511","$540,392,304","$587,746,815","$4,431,136",132.6,,
488,"$13,967,108","$196,240,033","$210,207,141","$1,913,592",109.8,,
489,"$36,082,566","$171,470,811","$207,553,377","$3,967,285",52.3,,
490,"$22,538,450","$137,788,433","$160,326,883","$2,118,174",75.7,,
491,"$17,481,766","$98,294,881","$115,776,647","$2,037,120",56.8,,
492,"$5,443,604","$42,453,459","$47,897,063","$1,863,362",25.7,,
493,"$34,546,708","$225,758,813","$260,305,521","$2,956,986",88.0,,
494,"$24,570,878","$244,442,571","$269,013,449","$4,350,639",61.8,,
495,"$4,979,419","$27,399,642","$32,379,061","$2,492,224",13.0,,
496,"$5,673,599","$55,245,435","$60,919,034","$2,675,435",22.8,,
497,"$10,430,482","$70,923,410","$81,353,892","$2,722,823",29.9,,
498,"$12,353,755","$77,297,308","$89,651,063","$1,853,458",48.4,,
499,"$37,352,301","$484,595,768","$521,948,069","$2,147,558",243.0,,
500,"$10,958,106","$150,738,835","$161,696,940","$2,330,368",69.4,,
501,"$15,908,546","$57,465,883","$73,374,429","$2,704,767",27.1,,
502,"$19,214,268","$206,362,663","$225,576,932","$3,186,756",70.8,,
503,"$40,368,538","$144,196,890","$184,565,428","$1,983,858",93.0,,
504,"$16,146,060","$228,288,010","$244,434,070","$2,896,891",84.4,,
505,"$14,131,417","$60,490,258","$74,621,675","$4,093,642",18.2,,
506,"$19,897,471","$257,168,034","$277,065,505","$3,762,949",73.6,,
507,"$11,841,078","$105,867,897","$117,708,975","$1,675,207",70.3,,
508,"$21,133,331","$150,592,348","$171,725,680","$2,233,766",76.9,,
509,"$36,594,456","$339,693,137","$376,287,592","$2,599,340",144.8,,
510,"$9,577,969","$110,595,659","$120,173,628","$1,615,905",74.4,,
511,"$8,625,067","$59,977,931","$68,602,998","$3,055,567",22.5,,
512,"$22,114,943","$150,050,857","$172,165,800","$1,451,822",118.6,,
513,"$20,550,416","$280,557,102","$301,107,517","$2,875,393",104.7,,
514,"$12,383,308","$151,321,377","$163,704,685","$5,454,139",30.0,,
515,"$4,877,607","$47,434,287","$52,311,894","$1,973,557",26.5,,
516,"$34,424,199","$346,887,769","$381,311,968","$3,034,385",125.7,,
517,"$23,340,789","$220,388,127","$243,728,916","$5,155,639",47.3,,
518,"$11,164,052","$69,919,864","$81,083,916","$2,140,156",37.9,,
519,"$45,933,790","$320,944,592","$366,878,382","$1,918,670",191.2,,
520,"$40,109,111","$359,960,424","$400,069,535","$2,907,331",137.6,,
521,"$27,799,195","$245,210,623","$273,009,818","$2,336,018",116.9,,
522,"$16,016,547","$118,330,462","$134,347,009","$3,124,577",43.0,,
523,"$57,232,068","$472,065,167","$529,297,235","$2,961,296",178.7,,
524,"$20,183,088","$141,448,429","$161,631,517","$3,869,351",41.8,,
525,"$38,617,941","$319,185,931","$357,803,871","$2,060,572",173.6,,
526,"$32,552,013","$268,773,646","$301,325,659","$4,844,239",62.2,,
527,"$21,932,862","$267,982,658","$289,915,520","$2,228,323",130.1,,
528,"$6,688,107","$113,332,713","$120,020,820","$2,069,950",58.0,,
529,"$18,200,831","$121,226,979","$139,427,810","$1,499,781",93.0,,
530,"$11,620,531","$111,811,360","$123,431,890","$1,868,961",66.0,,
531,"$55,698,359","$353,682,270","$409,380,629","$2,383,171",171.8,,
532,"$13,522,121","$117,860,037","$131,382,158","$1,478,618",88.9,,
533,"$13,850,910","$146,224,708","$160,075,618","$2,439,841",65.6,,
534,"$658,708","$5,957,867","$6,616,575","$2,782,091",2.4,,
535,"$5,464,790","$38,559,554","$44,024,344","$1,670,633",26.4,,
536,"$9,291,240","$67,777,854","$77,069,094","$2,444,802",31.5,,
537,"$14,802,540","$137,295,638","$152,098,178","$947,522",160.5,,
538,"$20,824,642","$130,224,298","$151,048,940","$2,057,021",73.4,,
539,"$25,282,300","$116,738,313","$142,020,613","$2,528,489",56.2,,
540,"$29,657,633","$225,933,934","$255,591,567","$2,596,749",98.4,,
541,"$42,659,801","$222,145,877","$264,805,679","$4,306,731",61.5,,
542,"$10,130,350","$79,799,511","$89,929,862","$3,035,166",29.6,,
543,"$12,072,964","$41,827,380","$53,900,345","$2,383,902",22.6,,
544,"$20,195,387","$196,841,411","$217,036,797","$1,565,826",138.6,,
545,"$34,235,932","$316,077,729","$350,313,662","$1,408,060",248.8,,
546,"$52,131,826","$395,093,325","$447,225,151","$1,724,691",259.3,,
547,"$10,637,378","$126,200,528","$136,837,906","$2,504,414",54.6,,
548,"$15,537,105","$377,707,825","$393,244,931","$3,455,780",113.8,,
549,"$16,137,679","$125,088,858","$141,226,536","$1,807,679",78.1,,
550,"$9,973,967","$38,036,508","$48,010,474","$656,326",73.2,,
551,"$24,866,162","$162,532,035","$187,398,197","$2,504,678",74.8,,
552,"$8,270,252","$89,237,138","$97,507,390","$3,269,336",29.8,,
553,"$9,708,489","$90,334,497","$100,042,986","$1,854,008",54.0,,
554,"$18,112,045","$193,814,596","$211,926,641","$3,135,022",67.6,,
555,"$7,273,152","$113,988,388","$121,261,540","$4,535,202",26.7,,
556,"$19,498,574","$162,150,169","$181,648,743","$3,079,360",59.0,,
557,"$22,724,962","$234,022,292","$256,747,254","$1,728,008",148.6,,
558,"$14,518,520","$99,942,641","$114,461,161","$1,693,124",67.6,,
559,"$19,283,581","$109,993,293","$129,276,874","$2,245,821",57.6,,
560,"$26,927,177","$198,889,642","$225,816,818","$3,188,266",70.8,,
561,"$13,836,369","$135,680,646","$149,517,015","$2,487,358",60.1,,
562,"$4,624,015","$29,238,239","$33,862,254","$2,513,110",13.5,,
563,"$6,707,695","$29,719,618","$36,427,313","$2,253,518",16.2,,
564,"$11,166,590","$56,238,974","$67,405,564","$2,938,869",22.9,,
565,"$67,765,666","$374,005,477","$441,771,143","$3,862,022",114.4,,
566,"$4,699,336","$33,507,039","$38,206,376","$1,715,184",22.3,,
567,"$8,810,244","$92,094,651","$100,904,894","$3,740,818",27.0,,
568,"$14,772,466","$179,299,256","$194,071,722","$3,299,609",58.8,,
569,"$33,632,648","$312,575,135","$346,207,783","$3,111,781",111.3,,
570,"$2,635,352","$23,701,415","$26,336,767","$2,160,184",12.2,,
571,"$9,207,075","$42,459,586","$51,666,660","$2,754,751",18.8,,
572,"$14,424,689","$216,013,766","$230,438,454","$3,125,525",73.7,,
573,"$8,900,023","$48,882,866","$57,782,890","$1,364,280",42.4,,
574,"$6,181,117","$43,355,630","$49,536,746","$1,397,705",35.4,,
575,"$29,740,491","$332,153,444","$361,893,935","$4,320,515",83.8,,
576,"$13,933,459","$237,170,051","$251,103,510","$1,760,309",142.6,,
577,"$39,810,232","$337,907,401","$377,717,633","$2,954,124",127.9,,
578,"$12,094,402","$98,571,078","$110,665,480","$2,973,228",37.2,,
579,"$13,203,570","$110,124,019","$123,327,589","$2,089,877",59.0,,
580,"$60,432,850","$332,109,863","$392,542,713","$6,281,805",62.5,,
581,"$8,200,803","$90,273,879","$98,474,683","$2,659,683",37.0,,
582,"$283,339","$3,988,791","$4,272,130","$1,095,806",3.9,,
583,"$12,138,518","$50,859,642","$62,998,160","$1,983,201",31.8,,
584,"$54,141,703","$208,230,083","$262,371,785","$3,551,479",73.9,,
585,"$2,249,552","$8,240,512","$10,490,065","$2,280,938",4.6,,
586,"$4,629,826","$57,901,029","$62,530,855","$1,206,996",51.8,,
587,"$21,806,501","$312,432,436","$334,238,937","$3,720,688",89.8,,
588,"$54,297,599","$285,258,792","$339,556,390","$4,407,833",77.0,,
589,"$21,712,540","$116,581,130","$138,293,669","$4,501,501",30.7,,
590,"$8,857,316","$71,078,948","$79,936,264","$2,253,475",35.5,,
591,"$50,401,212","$306,457,751","$356,858,963","$3,575,936",99.8,,
592,"$3,912,786","$46,899,872","$50,812,659","$2,671,322",19.0,,
593,"$11,444,144","$58,934,792","$70,378,936","$2,550,831",27.6,,
594,"$30,447,657","$390,266,503","$420,714,160","$3,193,962",131.7,,
595,"$3,844,537","$24,421,483","$28,266,020","$2,022,462",14.0,,
596,"$3,259,722","$31,824,516","$35,084,237","$1,283,251",27.3,,
597,"$12,832,974","$115,894,935","$128,727,909","$1,427,771",90.2,,
598,"$13,062,678","$155,412,113","$168,474,791","$1,943,757",86.7,,
599,"$12,726,130","$132,630,636","$145,356,766","$1,403,928",103.5,,
600,"$3,122,899","$14,075,145","$17,198,044","$996,504",17.3,,
601,"$3,849,867","$25,357,737","$29,207,605","$2,345,334",12.5,,
602,"$11,110,154","$119,833,577","$130,943,731","$1,548,478",84.6,,
603,"$30,126,449","$265,837,015","$295,963,464","$2,388,999",123.9,,
604,"$75,059,014","$535,161,243","$610,220,257","$3,164,724",192.8,,
605,"$1,190,871","$8,786,089","$9,976,960","$3,452,105",2.9,,
606,"$15,833,921","$146,121,589","$161,955,510","$2,502,265",64.7,,
607,"$14,019,494","$149,233,784","$163,253,278","$2,294,131",71.2,,
608,"$25,406,983","$294,837,100","$320,244,083","$2,195,304",145.9,,
609,"$68,001,448","$198,046,779","$266,048,227","$4,677,286",56.9,,
610,"$21,521,710","$180,667,966","$202,189,677","$3,241,546",62.4,,
611,"$6,384,225","$199,763,547","$206,147,772","$2,518,030",81.9,,
612,"$14,622,438","$126,384,436","$141,006,874","$2,217,337",63.6,,
613,"$15,310,084","$148,319,387","$163,629,471","$2,240,337",73.0,,
614,"$20,392,910","$184,045,793","$204,438,703","$2,328,555",87.8,,
615,"$22,163,525","$192,057,932","$214,221,457","$2,698,925",79.4,,
616,"$12,837,712","$171,566,795","$184,404,507","$1,657,994",111.2,,
617,"$18,342,356","$84,434,661","$102,777,016","$2,161,001",47.6,,
618,"$10,713,689","$36,911,220","$47,624,909","$3,525,758",13.5,,
619,"$9,987,251","$60,248,491","$70,235,742","$2,611,545",26.9,,
620,"$18,420,288","$151,218,215","$169,638,503","$3,699,950",45.8,,
621,"$12,031,810","$79,331,374","$91,363,184","$3,666,773",24.9,,
622,"$22,175,503","$95,568,515","$117,744,018","$2,193,052",53.7,,
623,"$34,834,215","$188,451,402","$223,285,617","$3,262,154",68.4,,
624,"$3,881,843","$25,807,785","$29,689,628","$765,779",38.8,,
625,"$66,248,516","$453,492,315","$519,740,830","$3,249,797",159.9,,
626,"$21,969,230","$163,666,703","$185,635,932","$1,466,650",126.6,,
627,"$33,231,630","$176,577,356","$209,808,986","$2,055,276",102.1,,
628,"$3,852,645","$43,711,509","$47,564,154","$1,970,737",24.1,,
629,"$6,872,836","$60,553,783","$67,426,619","$1,184,063",56.9,,
630,"$8,538,122","$66,283,088","$74,821,210","$2,250,144",33.3,,
631,"$2,252,490","$15,609,351","$17,861,840","$1,893,935",9.4,,
632,"$14,499,210","$145,161,100","$159,660,310","$2,734,705",58.4,,
633,"$4,403,317","$43,657,648","$48,060,965","$2,070,505",23.2,,
634,"$11,347,601","$114,820,077","$126,167,679","$1,753,195",72.0,,
635,"$6,849,694","$59,409,260","$66,258,954","$1,190,662",55.6,,
636,"$8,105,541","$92,873,613","$100,979,154","$1,943,885",51.9,,
637,"$12,969,021","$120,837,301","$133,806,322","$2,914,376",45.9,,
638,"$20,546,639","$144,045,709","$164,592,348","$2,575,927",63.9,,
639,"$22,006,670","$327,713,643","$349,720,312","$2,700,574",129.5,,
640,"$11,786,223","$85,921,005","$97,707,228","$3,934,563",24.8,,
641,"$10,030,221","$120,024,643","$130,054,865","$2,183,556",59.6,,
642,"$2,664,483","$16,720,412","$19,384,895","$2,619,712",7.4,,
643,"$23,553,985","$288,176,333","$311,730,318","$977,660",318.9,,
644,"$7,154,607","$61,699,429","$68,854,037","$1,979,244",34.8,,
645,"$7,400,832","$62,195,818","$69,596,650","$1,548,835",44.9,,
646,"$21,787,822","$263,726,210","$285,514,033","$2,648,663",107.8,,
647,"$17,198,852","$134,593,680","$151,792,532","$2,821,268",53.8,,
648,"$8,618,164","$63,928,853","$72,547,017","$5,013,433",14.5,,
649,"$3,679,654","$38,469,527","$42,149,182","$2,953,696",14.3,,
650,"$36,186,714","$351,361,733","$387,548,446","$4,218,824",91.9,,
651,"$26,626,549","$128,140,337","$154,766,886","$3,625,562",42.7,,
652,"$12,518,955","$66,988,376","$79,507,331","$1,155,146",68.8,,
653,"$4,099,323","$44,144,655","$48,243,978","$3,069,991",15.7,,
654,"$24,002,172","$208,189,446","$232,191,619","$2,703,797",85.9,,
655,"$10,287,169","$232,228,304","$242,515,472","$2,174,279",111.5,,
656,"$5,935,873","$97,110,170","$103,046,042","$3,324,105",31.0,,
657,"$16,170,677","$176,394,547","$192,565,224","$3,193,235",60.3,,
658,"$4,637,950","$37,116,770","$41,754,720","$2,756,546",15.1,,
659,"$64,048,532","$287,487,644","$351,536,176","$2,703,085",130.0,,
660,"$6,063,657","$66,317,220","$72,380,877","$2,190,181",33.0,,
661,"$20,958,693","$110,499,565","$131,458,257","$5,599,387",23.5,,
662,"$54,198,234","$298,289,746","$352,487,980","$2,089,584",168.7,,
663,"$36,628,315","$251,342,677","$287,970,992","$1,668,864",172.6,,
664,"$25,794,516","$159,486,413","$185,280,929","$2,729,000",67.9,,
665,"$11,653,499","$152,202,174","$163,855,674","$2,312,313",70.9,,
666,"$8,488,363","$84,587,299","$93,075,662","$1,672,728",55.6,,
667,"$39,050,147","$296,294,945","$335,345,092","$4,045,782",82.9,,
668,"$17,248,664","$223,970,834","$241,219,498","$1,742,358",138.4,,
669,"$13,342,730","$108,133,134","$121,475,863","$3,202,214",37.9,,
670,"$5,856,754","$48,530,427","$54,387,181","$2,499,788",21.8,,
671,"$14,149,320","$47,713,492","$61,862,812","$1,632,123",37.9,,
672,"$20,422,138","$104,180,712","$124,602,850","$2,388,749",52.2,,
673,"$24,909,418","$398,377,056","$423,286,474","$3,175,858",133.3,,
674,"$23,105,075","$334,865,456","$357,970,532","$2,889,138",123.9,,
675,"$12,124,495","$85,809,031","$97,933,526","$3,203,024",30.6,,
676,"$10,645,476","$47,447,176","$58,092,652","$2,029,984",28.6,,
677,"$64,372,546","$353,703,689","$418,076,236","$6,291,424",66.5,,
678,"$57,234,344","$559,167,446","$616,401,791","$2,457,875",250.8,,
679,"$4,225,685","$35,070,332","$39,296,017","$2,397,373",16.4,,
680,"$8,323,507","$40,415,300","$48,738,807","$2,820,587",17.3,,
681,"$12,016,174","$88,189,058","$100,205,232","$1,101,496",91.0,,
682,"$21,516,798","$182,479,274","$203,996,072","$1,865,344",109.4,,
683,"$69,749,043","$177,815,840","$247,564,883","$2,385,393",103.8,,
684,"$3,785,339","$36,494,034","$40,279,373","$1,846,959",21.8,,
685,"$17,946,929","$114,657,822","$132,604,751","$3,175,646",41.8,,
686,"$5,770,490","$32,701,266","$38,471,755","$2,852,720",13.5,,
687,"$3,900,160","$56,065,668","$59,965,828","$1,826,967",32.8,,
688,"$11,571,803","$37,346,072","$48,917,875","$2,274,043",21.5,,
689,"$12,865,948","$76,735,846","$89,601,794","$1,670,850",53.6,,
690,"$49,219,962","$409,297,561","$458,517,522","$2,530,565",181.2,,
691,"$5,002,746","$46,618,160","$51,620,906","$1,996,151",25.9,,
692,"$1,360,500","$8,883,212","$10,243,711","$2,100,957",4.9,,
693,"$4,756,261","$41,925,262","$46,681,523","$1,262,499",37.0,,
694,"$14,400,393","$161,153,844","$175,554,237","$2,146,155",81.8,,
695,"-$2,565,613","-$11,113,832","-$13,679,444","$3,433,857",-4.0,,
696,"$36,088,366","$447,185,443","$483,273,809","$3,744,362",129.1,,
697,"$2,693,578","$22,654,031","$25,347,610","$2,141,147",11.8,,
698,"$39,584,759","$505,722,379","$545,307,138","$1,661,219",328.3,,
699,"$5,047,969","$44,129,407","$49,177,376","$2,779,582",17.7,,
700,"$9,309,619","$97,426,833","$106,736,451","$2,985,637",35.7,,
701,"$41,604,826","$608,831,245","$650,436,071","$4,522,784",143.8,,
702,"$6,253,287","$32,919,208","$39,172,495","$2,062,271",19.0,,
703,"$33,081,958","$212,297,389","$245,379,346","$4,131,919",59.4,,
704,"$6,082,895","$66,554,423","$72,637,317","$2,950,768",24.6,,
705,"$9,124,289","$85,551,100","$94,675,389","$2,538,149",37.3,,
706,"$8,030,371","$89,194,775","$97,225,146","$2,490,010",39.0,,
707,"$6,053,509","$48,866,994","$54,920,503","$812,406",67.6,,
708,"$6,255,179","$44,792,169","$51,047,348","$2,546,657",20.0,,
709,"$1,578,373","$14,393,700","$15,972,074","$1,812,454",8.8,,
710,"$13,351,966","$66,960,768","$80,312,734","$1,321,438",60.8,,
711,"$3,914,544","$46,799,863","$50,714,408","$2,210,201",22.9,,
712,"$17,175,479","$183,281,643","$200,457,123","$3,221,178",62.2,,
713,"$7,886,287","$145,800,923","$153,687,210","$1,489,326",103.2,,
714,"$36,829,353","$303,598,742","$340,428,094","$4,491,584",75.8,,
715,"$10,076,178","$84,833,074","$94,909,252","$1,868,318",50.8,,
716,"$9,357,216","$124,754,864","$134,112,079","$2,184,195",61.4,,
717,"$2,388,849","$11,123,243","$13,512,091","$1,677,827",8.1,,
718,"$17,020,259","$184,016,585","$201,036,844","$2,442,985",82.3,,
719,"$9,572,256","$76,768,472","$86,340,728","$2,398,707",36.0,,
720,"$12,618,189","$58,656,772","$71,274,962","$2,630,035",27.1,,
721,"$6,463,658","$74,162,620","$80,626,278","$2,053,277",39.3,,
722,"$11,069,968","$59,341,462","$70,411,431","$3,414,450",20.6,,
723,"$33,628,760","$152,226,929","$185,855,688","$3,030,449",61.3,,
724,"$5,811,922","$44,159,817","$49,971,739","$2,173,009",23.0,,
725,"$59,756,022","$272,164,277","$331,920,299","$3,839,339",86.5,,
726,"$28,757,607","$358,122,181","$386,879,788","$1,961,668",197.2,,
727,"$12,619,350","$202,281,803","$214,901,153","$1,774,658",121.1,,
728,"$6,661,491","$71,568,666","$78,230,158","$2,847,962",27.5,,
729,"$16,927,233","$201,650,509","$218,577,742","$2,829,314",77.3,,
730,"$16,151,350","$108,579,543","$124,730,893","$3,195,027",39.0,,
731,"$17,733,902","$115,074,987","$132,808,889","$801,774",165.6,,
732,"$10,636,382","$143,464,448","$154,100,830","$3,328,660",46.3,,
733,"$9,514,625","$76,074,998","$85,589,623","$1,409,613",60.7,,
734,"$6,556,516","$37,273,180","$43,829,696","$3,206,155",13.7,,
735,"$13,044,620","$57,720,608","$70,765,228","$2,011,621",35.2,,
736,"$6,409,777","$28,567,179","$34,976,956","$1,694,062",20.6,,
737,"$10,849,773","$228,366,979","$239,216,753","$2,568,673",93.1,,
738,"$8,105,733","$49,916,326","$58,022,059","$2,055,687",28.2,,
739,"$19,290,790","$126,448,592","$145,739,382","$4,080,565",35.7,,
740,"$14,777,462","$149,759,110","$164,536,572","$2,418,709",68.0,,
741,"$41,837,193","$237,635,298","$279,472,492","$2,157,779",129.5,,
742,"$10,924,237","$42,373,390","$53,297,626","$1,683,418",31.7,,
743,"$9,193,184","$50,035,836","$59,229,020","$1,835,409",32.3,,
744,"$14,838,175","$119,420,886","$134,259,061","$1,913,787",70.2,,
745,"$8,914,421","$85,741,276","$94,655,697","$1,265,132",74.8,,
746,"$11,824,837","$221,577,528","$233,402,366","$3,718,726",62.8,,
747,"$8,616,456","$62,671,012","$71,287,468","$2,197,423",32.4,,
748,"$7,833,131","$37,336,143","$45,169,274","$2,201,557",20.5,,
749,"$18,866,396","$179,861,237","$198,727,634","$2,502,798",79.4,,
750,"$12,823,722","$153,905,475","$166,729,197","$3,230,579",51.6,,
751,"$17,143,526","$159,421,912","$176,565,438","$1,538,152",114.8,,
752,"$10,107,134","$66,972,934","$77,080,068","$2,058,161",37.5,,
753,"$1,691,794","$15,191,530","$16,883,324","$1,395,999",12.1,,
754,"$10,053,299","$70,894,898","$80,948,197","$2,929,976",27.6,,
755,"$37,151,313","$232,568,512","$269,719,824","$5,503,995",49.0,,
756,"$15,668,880","$76,153,929","$91,822,809","$2,490,362",36.9,,
757,"$21,274,538","$174,826,451","$196,100,989","$2,905,690",67.5,,
758,"$7,891,955","$57,037,745","$64,929,700","$3,785,552",17.2,,
759,"$6,345,118","$54,516,902","$60,862,020","$2,822,066",21.6,,
760,"$3,850,150","$56,054,667","$59,904,817","$2,462,101",24.3,,
761,"$10,287,532","$133,918,263","$144,205,795","$3,298,036",43.7,,
762,"$13,274,731","$125,840,032","$139,114,762","$2,795,555",49.8,,
763,"$5,324,284","$37,400,455","$42,724,740","$2,705,572",15.8,,
764,"$50,310,584","$384,247,431","$434,558,015","$2,396,425",181.3,,
765,"$2,692,853","$23,473,407","$26,166,260","$2,355,053",11.1,,
766,"$29,998,099","$280,949,327","$310,947,426","$2,016,194",154.2,,
767,"$44,017,361","$243,756,959","$287,774,320","$2,965,715",97.0,,
768,"$27,088,401","$390,714,013","$417,802,415","$3,496,108",119.5,,
769,"$20,449,318","$149,442,914","$169,892,232","$3,559,495",47.7,,
770,"$24,429,155","$329,541,773","$353,970,928","$3,828,869",92.4,,
771,"$5,462,883","$59,414,443","$64,877,326","$3,078,905",21.1,,
772,"$4,455,193","$33,629,197","$38,084,390","$2,053,511",18.5,,
773,"$73,282,216","$576,328,562","$649,610,778","$3,083,763",210.7,,
774,"$30,013,882","$136,885,567","$166,899,449","$3,937,544",42.4,,
775,"$24,042,520","$150,708,855","$174,751,376","$4,052,761",43.1,,
776,"$618,760","$10,057,225","$10,675,986","$2,523,807",4.2,,
777,"$2,790,015","$13,428,124","$16,218,139","$842,865",19.2,,
778,"$7,935,248","$50,368,475","$58,303,722","$2,519,949",23.1,,
779,"$8,342,851","$77,419,935","$85,762,786","$1,540,022",55.7,,
780,"$13,701,209","$147,018,799","$160,720,007","$1,960,812",82.0,,
781,"$17,842,181","$182,223,775","$200,065,956","$1,004,180",199.2,,
782,"$3,988,061","$52,862,702","$56,850,764","$1,896,574",30.0,,
783,"$4,992,153","$60,335,352","$65,327,505","$1,199,273",54.5,,
784,"$33,000,483","$277,172,973","$310,173,455","$2,146,643",144.5,,
785,"$25,438,522","$174,312,712","$199,751,235","$1,444,581",138.3,,
786,"$10,387,725","$60,507,323","$70,895,049","$2,343,836",30.2,,
787,"$5,405,706","$39,679,725","$45,085,431","$2,106,789",21.4,,
788,"$20,894,621","$165,522,479","$186,417,100","$3,101,302",60.1,,
789,"$81,648,477","$494,697,500","$576,345,977","$3,432,001",167.9,,
790,"$9,799,029","$64,398,370","$74,197,398","$1,873,046",39.6,,
791,"$24,486,209","$152,354,561","$176,840,770","$2,370,393",74.6,,
792,"$2,697,762","$63,397,699","$66,095,461","$2,275,710",29.0,,
793,"$11,372,698","$46,956,072","$58,328,770","$1,424,053",41.0,,
794,"$22,395,183","$183,373,586","$205,768,769","$2,110,177",97.5,,
795,"$46,612,532","$485,064,437","$531,676,969","$4,078,431",130.4,,
796,"$5,660,876","$58,227,465","$63,888,341","$1,980,513",32.3,,
797,"$15,606,498","$121,712,660","$137,319,158","$2,382,907",57.6,,
798,"$28,018,068","$269,027,812","$297,045,880","$2,272,107",130.7,,
799,"$6,995,255","$113,004,682","$119,999,937","$1,872,104",64.1,,
800,"$24,054,434","$102,484,577","$126,539,011","$3,294,833",38.4,,
801,"$16,153,216","$188,099,528","$204,252,744","$1,802,545",113.3,,
802,"$9,368,272","$132,916,516","$142,284,788","$2,610,450",54.5,,
803,"$32,514,791","$342,882,437","$375,397,228","$1,796,351",209.0,,
804,"$20,532,231","$185,175,166","$205,707,396","$1,758,715",117.0,,
805,"$31,200,609","$95,927,158","$127,127,767","$5,929,270",21.4,,
806,"$10,563,900","$187,413,933","$197,977,833","$2,356,719",84.0,,
807,"$82,681,236","$329,707,967","$412,389,203","$4,256,308",96.9,,
808,"$3,971,195","$27,568,440","$31,539,635","$1,053,199",29.9,,
809,"$19,599,291","$187,845,255","$207,444,546","$2,343,911",88.5,,
810,"$10,475,573","$73,565,431","$84,041,004","$1,232,362",68.2,,
811,"$17,586,929","$67,942,095","$85,529,025","$3,017,540",28.3,,
812,"$29,431,103","$132,444,125","$161,875,227","$2,012,462",80.4,,
813,"$10,754,898","$103,169,887","$113,924,785","$2,950,815",38.6,,
814,"$67,017,610","$557,915,293","$624,932,902","$2,821,334",221.5,,
815,"$8,789,915","$106,680,827","$115,470,742","$1,760,849",65.6,,
816,"$8,132,693","$114,885,275","$123,017,968","$1,874,156",65.6,,
817,"$17,689,176","$106,552,356","$124,241,532","$2,971,157",41.8,,
818,"-$1,309,557","-$13,200,479","-$14,510,036","$2,143,558",-6.8,,
819,"$9,688,328","$90,759,743","$100,448,071","$3,383,914",29.7,,
820,"$2,876,711","$32,191,847","$35,068,558","$3,327,288",10.5,,
821,"$3,709,193","$32,979,616","$36,688,809","$1,186,598",30.9,,
822,"$24,951,212","$261,562,109","$286,513,322","$2,293,744",124.9,,
823,"$21,229,941","$399,365,905","$420,595,845","$4,609,439",91.2,,
824,"$462,542","$5,528,525","$5,991,067","$3,532,939",1.7,,
825,"$11,785,752","$108,026,962","$119,812,715","$2,377,555",50.4,,
826,"$21,978,142","$116,690,955","$138,669,097","$1,347,924",102.9,,
827,"$27,343,153","$118,316,350","$145,659,503","$2,599,614",56.0,,
828,"$8,808,811","$63,839,788","$72,648,598","$3,371,045",21.6,,
829,"$72,110,535","$282,052,126","$354,162,661","$2,807,284",126.2,,
830,"$7,057,304","$65,497,186","$72,554,490","$3,876,903",18.7,,
831,"$7,161,852","$76,260,857","$83,422,709","$2,748,870",30.3,,
832,"$3,371,445","$36,883,714","$40,255,159","$1,952,119",20.6,,
833,"$14,640,531","$127,867,617","$142,508,148","$1,329,062",107.2,,
834,"$30,745,448","$188,000,927","$218,746,375","$3,028,209",72.2,,
835,"$31,597,411","$376,113,304","$407,710,715","$3,936,628",103.6,,
836,"$12,323,984","$76,410,790","$88,734,774","$2,283,386",38.9,,
837,"-$1,498,226","-$16,584,280","-$18,082,506","$2,314,792",-7.8,,
838,"$7,481,760","$69,185,308","$76,667,068","$2,513,824",30.5,,
839,"$24,965,078","$232,977,628","$257,942,706","$2,996,834",86.1,,
840,"$16,928,657","$149,170,239","$166,098,895","$2,569,354",64.6,,
841,"$3,660,038","$32,335,947","$35,995,985","$3,226,057",11.2,,
842,"$12,993,090","$74,602,218","$87,595,308","$1,748,844",50.1,,
843,"$25,001,731","$112,230,528","$137,232,259","$3,317,640",41.4,,
844,"$44,257,963","$412,482,270","$456,740,233","$3,099,807",147.3,,
845,"$3,416,013","$40,005,912","$43,421,925","$1,420,144",30.6,,
846,"$13,804,852","$51,292,534","$65,097,386","$1,549,437",42.0,,
847,"$2,178,590","$17,551,673","$19,730,263","$1,215,198",16.2,,
848,"$7,119,555","$92,309,717","$99,429,273","$2,341,103",42.5,,
849,"$12,234,255","$117,461,431","$129,695,686","$1,894,451",68.5,,
850,"$5,690,952","$77,180,593","$82,871,546","$2,357,357",35.2,,
851,"$16,705,504","$230,176,562","$246,882,065","$2,254,833",109.5,,
852,"$5,105,892","$98,681,071","$103,786,962","$2,944,730",35.2,,
853,"$6,955,854","$24,218,190","$31,174,043","$2,892,760",10.8,,
854,"$31,290,983","$154,919,525","$186,210,509","$3,628,631",51.3,,
855,"$3,928,654","$37,454,046","$41,382,700","$3,449,867",12.0,,
856,"$62,703,744","$569,968,674","$632,672,419","$3,057,467",206.9,,
857,"$1,851,806","$30,521,612","$32,373,418","$1,729,389",18.7,,
858,"$14,050,953","$207,524,607","$221,575,559","$4,502,637",49.2,,
859,"$18,808,459","$206,016,757","$224,825,216","$2,803,843",80.2,,
860,"$24,392,551","$162,229,358","$186,621,909","$3,641,349",51.3,,
861,"$51,069,815","$248,734,318","$299,804,133","$3,329,082",90.1,,
862,"$3,079,239","$34,790,105","$37,869,343","$1,428,693",26.5,,
863,"$9,195,870","$75,905,376","$85,101,246","$2,892,113",29.4,,
864,"$24,323,091","$219,685,980","$244,009,071","$2,707,235",90.1,,
865,"$19,166,282","$139,205,000","$158,371,282","$2,550,184",62.1,,
866,"$4,368,301","$30,532,544","$34,900,844","$1,913,828",18.2,,
867,"$21,289,797","$185,450,048","$206,739,845","$1,823,600",113.4,,
868,"$10,912,954","$122,635,010","$133,547,964","$1,808,735",73.8,,
869,"$4,622","$62,195","$66,816","$5,624,698",0.0,,
870,"$11,757,312","$69,367,746","$81,125,059","$3,579,877",22.7,,
871,"$26,088,553","$239,162,384","$265,250,937","$3,133,032",84.7,,
872,"$7,013,502","$61,955,813","$68,969,315","$1,499,627",46.0,,
873,"$36,676,950","$98,412,858","$135,089,808","$3,419,356",39.5,,
874,"$33,922,838","$285,862,444","$319,785,282","$3,644,046",87.8,,
875,"$24,154,629","$201,556,059","$225,710,688","$3,027,201",74.6,,
876,"$12,759,046","$68,061,871","$80,820,917","$1,277,310",63.3,,
877,"$24,139,165","$238,339,740","$262,478,905","$1,732,278",151.5,,
878,"$2,907,387","$33,387,350","$36,294,736","$725,747",50.0,,
879,"$55,430,159","$483,630,065","$539,060,223","$5,783,247",93.2,,
880,"$37,414,778","$340,021,283","$377,436,061","$2,034,371",185.5,,
881,"$7,398,942","$59,784,337","$67,183,278","$2,026,316",33.2,,
882,"$5,943,627","$75,288,196","$81,231,823","$2,601,019",31.2,,
883,"$12,131,453","$58,025,955","$70,157,407","$2,267,668",30.9,,
884,"$50,491,702","$490,224,918","$540,716,621","$2,565,065",210.8,,
885,"$30,236,940","$150,911,771","$181,148,712","$2,736,407",66.2,,
886,"$31,026,816","$125,273,057","$156,299,873","$2,214,116",70.6,,
887,"$25,127,028","$152,079,822","$177,206,850","$2,742,406",64.6,,
888,"$13,332,520","$79,858,377","$93,190,897","$2,311,861",40.3,,
889,"$5,334,698","$50,230,004","$55,564,702","$3,369,553",16.5,,
890,"$6,744,795","$44,888,697","$51,633,492","$2,468,593",20.9,,
891,"$35,206,293","$256,091,718","$291,298,011","$2,329,448",125.1,,
892,"$17,971,964","$126,283,622","$144,255,586","$1,258,878",114.6,,
893,"$32,528,388","$337,828,556","$370,356,945","$2,424,498",152.8,,
894,"$35,568,166","$116,102,361","$151,670,527","$2,468,864",61.4,,
895,"$6,605,031","$67,160,574","$73,765,606","$3,273,857",22.5,,
896,"$69,006,911","$611,482,042","$680,488,954","$1,706,371",398.8,,
897,"$30,352,085","$202,809,307","$233,161,392","$2,972,741",78.4,,
898,"$19,658,134","$113,906,869","$133,565,003","$1,300,573",102.7,,
899,"$13,809,823","$141,175,528","$154,985,351","$1,903,789",81.4,,
900,"$16,240,662","$87,265,411","$103,506,072","$2,587,596",40.0,,
901,"$6,038,007","$84,662,721","$90,700,728","$1,581,976",57.3,,
902,"$24,054,788","$55,509,304","$79,564,092","$3,199,801",24.9,,
903,"$5,628,034","$86,564,627","$92,192,661","$1,157,745",79.6,,
904,"$19,002,181","$175,640,151","$194,642,333","$2,477,671",78.6,,
905,"$5,763,142","$54,165,496","$59,928,638","$2,033,265",29.5,,
906,"$3,262,039","$21,654,041","$24,916,080","$3,537,912",7.0,,
907,"$14,069,613","$153,110,794","$167,180,407","$1,576,538",106.0,,
908,"$18,594,356","$189,572,385","$208,166,740","$3,850,382",54.1,,
909,"$18,316,626","$180,640,463","$198,957,089","$4,759,315",41.8,,
910,"$42,825,292","$457,737,900","$500,563,192","$4,056,039",123.4,,
911,"$13,391,098","$86,059,032","$99,450,130","$2,108,334",47.2,,
912,"$12,800,896","$129,279,687","$142,080,583","$1,673,305",84.9,,
913,"$13,828,211","$108,664,736","$122,492,947","$3,166,767",38.7,,
914,"$4,173,453","$53,772,882","$57,946,335","$3,175,904",18.2,,
915,"$8,286,877","$52,436,902","$60,723,778","$1,371,704",44.3,,
916,"$25,549,434","$105,958,918","$131,508,352","$2,887,258",45.5,,
917,"$31,785,480","$222,960,202","$254,745,682","$3,074,633",82.9,,
918,"$80,788,603","$428,871,170","$509,659,773","$3,287,923",155.0,,
919,"$10,752,052","$85,905,994","$96,658,046","$3,271,320",29.5,,
920,"$33,660,797","$239,242,157","$272,902,954","$1,273,689",214.3,,
921,"$9,424,030","$104,886,752","$114,310,781","$3,800,017",30.1,,
922,"$22,370,527","$200,975,637","$223,346,164","$1,737,277",128.6,,
923,"$6,932,316","$62,767,512","$69,699,828","$1,786,241",39.0,,
924,"$11,775,300","$139,533,854","$151,309,155","$2,836,206",53.3,,
925,"$6,958,958","$66,579,636","$73,538,595","$3,007,919",24.4,,
926,"$7,196,821","$66,414,939","$73,611,760","$5,380,673",13.7,,
927,"$24,837,373","$256,454,101","$281,291,474","$1,158,205",242.9,,
928,"$93,719,179","$787,822,980","$881,542,159","$2,404,243",366.7,,
929,"$29,678,668","$164,258,287","$193,936,955","$2,056,843",94.3,,
930,"$1,783,901","$10,432,057","$12,215,958","$2,228,111",5.5,,
931,"$13,377,944","$108,017,850","$121,395,793","$1,638,901",74.1,,
932,"$43,166,264","$270,817,198","$313,983,462","$3,100,525",101.3,,
933,"$50,590,377","$244,716,147","$295,306,524","$2,943,365",100.3,,
934,"$56,342,703","$256,556,596","$312,899,299","$2,853,534",109.7,,
935,"$7,650,477","$35,800,846","$43,451,323","$1,513,001",28.7,,
936,"$49,152,895","$297,311,264","$346,464,159","$3,760,975",92.1,,
937,"$9,794,034","$44,741,566","$54,535,599","$1,377,489",39.6,,
938,"$22,100,057","$281,930,118","$304,030,175","$2,455,100",123.8,,
939,"$16,786,239","$95,580,018","$112,366,256","$4,055,961",27.7,,
940,"$24,409,136","$131,225,715","$155,634,851","$3,117,784",49.9,,
941,"$19,519,256","$103,102,351","$122,621,607","$2,378,859",51.5,,
942,"$23,317,841","$105,190,644","$128,508,485","$1,896,171",67.8,,
943,"$17,959,125","$204,305,448","$222,264,573","$2,104,012",105.6,,
944,"$87,373,525","$475,652,701","$563,026,226","$8,022,615",70.2,,
945,"$29,771,020","$264,678,147","$294,449,167","$3,057,679",96.3,,
946,"$70,454,047","$602,926,646","$673,380,693","$1,724,320",390.5,,
947,"$13,590,959","$93,126,723","$106,717,682","$2,536,018",42.1,,
948,"$28,895,133","$227,262,868","$256,158,001","$2,163,330",118.4,,
949,"$21,975,699","$137,521,062","$159,496,761","$2,723,847",58.6,,
950,"$7,968,569","$55,689,550","$63,658,119","$1,751,558",36.3,,
951,"$3,996,019","$31,862,384","$35,858,403","$2,812,368",12.8,,
952,"$12,716,384","$135,542,866","$148,259,250","$4,019,025",36.9,,
953,"$11,026,297","$104,071,663","$115,097,960","$3,197,691",36.0,,
954,"$13,629,186","$129,738,134","$143,367,320","$2,960,586",48.4,,
955,"$15,472,879","$99,546,362","$115,019,241","$2,615,560",44.0,,
956,"$8,962,985","$40,782,063","$49,745,048","$3,524,120",14.1,,
957,"$3,325,799","$20,936,237","$24,262,035","$1,285,709",18.9,,
958,"$22,156,099","$194,580,474","$216,736,573","$1,812,094",119.6,,
959,"$18,974,969","$154,013,936","$172,988,906","$1,466,777",117.9,,
960,"$43,715,190","$331,047,631","$374,762,821","$3,925,937",95.5,,
961,"$12,502,798","$88,994,005","$101,496,803","$1,585,529",64.0,,
962,"$16,411,362","$227,062,331","$243,473,693","$3,256,866",74.8,,
963,"$19,763,251","$133,506,637","$153,269,889","$1,456,714",105.2,,
964,"$16,725,513","$112,377,614","$129,103,127","$2,333,413",55.3,,
965,"$13,719,176","$64,351,722","$78,070,898","$1,045,304",74.7,,
966,"$7,743,326","$84,436,888","$92,180,213","$2,109,973",43.7,,
967,"$39,071,899","$223,491,622","$262,563,521","$4,177,078",62.9,,
968,"$17,466,976","$318,371,550","$335,838,526","$2,068,120",162.4,,
969,"$74,771,250","$509,749,037","$584,520,287","$2,297,040",254.5,,
970,"$29,597,002","$258,033,371","$287,630,374","$3,543,262",81.2,,
971,"$10,093,119","$55,999,446","$66,092,565","$1,393,557",47.4,,
972,"$10,760,963","$32,346,952","$43,107,916","$1,543,750",27.9,,
973,"$2,997,200","$67,275,331","$70,272,531","$1,589,832",44.2,,
974,"$25,448,697","$106,515,423","$131,964,120","$2,108,108",62.6,,
975,"$28,332,899","$146,002,870","$174,335,769","$1,414,606",123.2,,
976,"$12,942,450","$155,924,525","$168,866,975","$3,736,017",45.2,,
977,"$13,720,352","$93,127,737","$106,848,089","$1,053,858",101.4,,
978,"$75,211,514","$366,428,879","$441,640,393","$1,649,471",267.7,,
979,"$42,423,745","$406,095,143","$448,518,888","$2,092,704",214.3,,
980,"$10,207,565","$127,225,520","$137,433,085","$3,134,444",43.8,,
981,"$51,228,370","$236,834,968","$288,063,338","$1,523,889",189.0,,
982,"$18,830,946","$109,174,261","$128,005,207","$5,356,520",23.9,,
983,"$7,668,883","$24,780,810","$32,449,693","$1,905,799",17.0,,
984,"$104,240,011","$594,000,885","$698,240,896","$3,013,051",231.7,,
985,"$23,956,640","$323,543,735","$347,500,376","$3,974,504",87.4,,
986,"$10,235,683","$84,869,850","$95,105,533","$2,068,536",46.0,,
987,"$11,940,708","$34,653,082","$46,593,790","$6,044,589",7.7,,
988,"$3,197,352","$26,436,684","$29,634,036","$1,502,528",19.7,,
989,"$21,809,232","$110,830,001","$132,639,233","$2,914,091",45.5,,
990,"$83,612,956","$444,523,275","$528,136,231","$3,989,111",132.4,,
991,"$48,190,457","$310,885,325","$359,075,782","$2,925,670",122.7,,
992,"-$1,509,314","-$9,977,663","-$11,486,977","$1,606,174",-7.2,,
993,"$15,541,831","$235,934,888","$251,476,719","$3,293,771",76.3,,
994,"$57,763,241","$654,681,004","$712,444,245","$3,864,964",184.3,,
995,"$26,557,919","$287,689,201","$314,247,120","$3,685,492",85.3,,
996,"$18,722,321","$173,459,532","$192,181,853","$3,188,783",60.3,,
997,"$2,611,097","$12,038,568","$14,649,666","$1,960,000",7.5,,
998,"$80,684,559","$481,226,117","$561,910,675","$2,020,259",278.1,,
999,"$29,827,751","$424,086,777","$453,914,528","$2,325,656",195.2,,
1000,"$20,765,918","$131,747,343","$152,513,261","$2,921,294",52.2,,
Mean,"$19,842,704","$162,584,017","$182,426,721","$2,597,724",74.2,,
Standard deviation,"$17,213,915","$141,233,942","$155,814,237","$1,036,963",63.5,,
Credible interval upper,"$56,654,651","$447,500,786","$509,809,822","$4,501,557",194.8,,
Credible interval lower,"$2,692,153","$22,578,999","$26,328,242","$1,260,516",12.0,,